loss_function;parameters;learning_rate;batch_size;epochs;accuracy;precision;recall;f1_score;m_iou
BCEWithLogitsLoss;{'training': True, '_parameters': OrderedDict(), '_buffers': OrderedDict([('weight', None), ('pos_weight', tensor([1], device='cuda:0'))]), '_non_persistent_buffers_set': set(), '_backward_pre_hooks': OrderedDict(), '_backward_hooks': OrderedDict(), '_is_full_backward_hook': None, '_forward_hooks': OrderedDict(), '_forward_hooks_with_kwargs': OrderedDict(), '_forward_hooks_always_called': OrderedDict(), '_forward_pre_hooks': OrderedDict(), '_forward_pre_hooks_with_kwargs': OrderedDict(), '_state_dict_hooks': OrderedDict(), '_state_dict_pre_hooks': OrderedDict(), '_load_state_dict_pre_hooks': OrderedDict(), '_load_state_dict_post_hooks': OrderedDict(), '_modules': OrderedDict(), 'reduction': 'mean'};0.001;8;35;0.9991292357444763;0.7518317103385925;0.22200047969818115;0.3427838981151581;0.20684322714805603
BCEWithLogitsLoss;{'training': True, '_parameters': OrderedDict(), '_buffers': OrderedDict([('weight', None), ('pos_weight', tensor([1], device='cuda:0'))]), '_non_persistent_buffers_set': set(), '_backward_pre_hooks': OrderedDict(), '_backward_hooks': OrderedDict(), '_is_full_backward_hook': None, '_forward_hooks': OrderedDict(), '_forward_hooks_with_kwargs': OrderedDict(), '_forward_hooks_always_called': OrderedDict(), '_forward_pre_hooks': OrderedDict(), '_forward_pre_hooks_with_kwargs': OrderedDict(), '_state_dict_hooks': OrderedDict(), '_state_dict_pre_hooks': OrderedDict(), '_load_state_dict_pre_hooks': OrderedDict(), '_load_state_dict_post_hooks': OrderedDict(), '_modules': OrderedDict(), 'reduction': 'mean'};0.001;4;59;0.9992196559906006;0.6222984194755554;0.6025328040122986;0.6122561097145081;0.44118812680244446
BCEWithLogitsLoss;{'training': True, '_parameters': OrderedDict(), '_buffers': OrderedDict([('weight', None), ('pos_weight', tensor([1], device='cuda:0'))]), '_non_persistent_buffers_set': set(), '_backward_pre_hooks': OrderedDict(), '_backward_hooks': OrderedDict(), '_is_full_backward_hook': None, '_forward_hooks': OrderedDict(), '_forward_hooks_with_kwargs': OrderedDict(), '_forward_hooks_always_called': OrderedDict(), '_forward_pre_hooks': OrderedDict(), '_forward_pre_hooks_with_kwargs': OrderedDict(), '_state_dict_hooks': OrderedDict(), '_state_dict_pre_hooks': OrderedDict(), '_load_state_dict_pre_hooks': OrderedDict(), '_load_state_dict_post_hooks': OrderedDict(), '_modules': OrderedDict(), 'reduction': 'mean'};0.001;2;62;0.9992556571960449;0.635770320892334;0.6377268433570862;0.6367471218109131;0.46707919239997864
BCEWithLogitsLoss;{'training': True, '_parameters': OrderedDict(), '_buffers': OrderedDict([('weight', None), ('pos_weight', tensor([1], device='cuda:0'))]), '_non_persistent_buffers_set': set(), '_backward_pre_hooks': OrderedDict(), '_backward_hooks': OrderedDict(), '_is_full_backward_hook': None, '_forward_hooks': OrderedDict(), '_forward_hooks_with_kwargs': OrderedDict(), '_forward_hooks_always_called': OrderedDict(), '_forward_pre_hooks': OrderedDict(), '_forward_pre_hooks_with_kwargs': OrderedDict(), '_state_dict_hooks': OrderedDict(), '_state_dict_pre_hooks': OrderedDict(), '_load_state_dict_pre_hooks': OrderedDict(), '_load_state_dict_post_hooks': OrderedDict(), '_modules': OrderedDict(), 'reduction': 'mean'};0.001;1;29;0.9992645978927612;0.7712938189506531;0.39959341287612915;0.5264451503753662;0.3572619557380676
BCEWithLogitsLoss;{'training': True, '_parameters': OrderedDict(), '_buffers': OrderedDict([('weight', None), ('pos_weight', tensor([1], device='cuda:0'))]), '_non_persistent_buffers_set': set(), '_backward_pre_hooks': OrderedDict(), '_backward_hooks': OrderedDict(), '_is_full_backward_hook': None, '_forward_hooks': OrderedDict(), '_forward_hooks_with_kwargs': OrderedDict(), '_forward_hooks_always_called': OrderedDict(), '_forward_pre_hooks': OrderedDict(), '_forward_pre_hooks_with_kwargs': OrderedDict(), '_state_dict_hooks': OrderedDict(), '_state_dict_pre_hooks': OrderedDict(), '_load_state_dict_pre_hooks': OrderedDict(), '_load_state_dict_post_hooks': OrderedDict(), '_modules': OrderedDict(), 'reduction': 'mean'};0.0001;8;100;0.9991122484207153;0.6538361310958862;0.28069454431533813;0.392770916223526;0.24437768757343292
BCEWithLogitsLoss;{'training': True, '_parameters': OrderedDict(), '_buffers': OrderedDict([('weight', None), ('pos_weight', tensor([1], device='cuda:0'))]), '_non_persistent_buffers_set': set(), '_backward_pre_hooks': OrderedDict(), '_backward_hooks': OrderedDict(), '_is_full_backward_hook': None, '_forward_hooks': OrderedDict(), '_forward_hooks_with_kwargs': OrderedDict(), '_forward_hooks_always_called': OrderedDict(), '_forward_pre_hooks': OrderedDict(), '_forward_pre_hooks_with_kwargs': OrderedDict(), '_state_dict_hooks': OrderedDict(), '_state_dict_pre_hooks': OrderedDict(), '_load_state_dict_pre_hooks': OrderedDict(), '_load_state_dict_post_hooks': OrderedDict(), '_modules': OrderedDict(), 'reduction': 'mean'};0.0001;4;77;0.999116063117981;0.6930314302444458;0.2431691437959671;0.3600165843963623;0.21952451765537262
BCEWithLogitsLoss;{'training': True, '_parameters': OrderedDict(), '_buffers': OrderedDict([('weight', None), ('pos_weight', tensor([1], device='cuda:0'))]), '_non_persistent_buffers_set': set(), '_backward_pre_hooks': OrderedDict(), '_backward_hooks': OrderedDict(), '_is_full_backward_hook': None, '_forward_hooks': OrderedDict(), '_forward_hooks_with_kwargs': OrderedDict(), '_forward_hooks_always_called': OrderedDict(), '_forward_pre_hooks': OrderedDict(), '_forward_pre_hooks_with_kwargs': OrderedDict(), '_state_dict_hooks': OrderedDict(), '_state_dict_pre_hooks': OrderedDict(), '_load_state_dict_pre_hooks': OrderedDict(), '_load_state_dict_post_hooks': OrderedDict(), '_modules': OrderedDict(), 'reduction': 'mean'};0.0001;2;41;0.9991270303726196;0.599126398563385;0.44256484508514404;0.5090803503990173;0.3414539396762848
BCEWithLogitsLoss;{'training': True, '_parameters': OrderedDict(), '_buffers': OrderedDict([('weight', None), ('pos_weight', tensor([1], device='cuda:0'))]), '_non_persistent_buffers_set': set(), '_backward_pre_hooks': OrderedDict(), '_backward_hooks': OrderedDict(), '_is_full_backward_hook': None, '_forward_hooks': OrderedDict(), '_forward_hooks_with_kwargs': OrderedDict(), '_forward_hooks_always_called': OrderedDict(), '_forward_pre_hooks': OrderedDict(), '_forward_pre_hooks_with_kwargs': OrderedDict(), '_state_dict_hooks': OrderedDict(), '_state_dict_pre_hooks': OrderedDict(), '_load_state_dict_pre_hooks': OrderedDict(), '_load_state_dict_post_hooks': OrderedDict(), '_modules': OrderedDict(), 'reduction': 'mean'};0.0001;1;97;0.9992119073867798;0.751811683177948;0.34248465299606323;0.470592737197876;0.3076961636543274
BCEWithLogitsLoss;{'training': True, '_parameters': OrderedDict(), '_buffers': OrderedDict([('weight', None), ('pos_weight', tensor([0.1000], device='cuda:0'))]), '_non_persistent_buffers_set': set(), '_backward_pre_hooks': OrderedDict(), '_backward_hooks': OrderedDict(), '_is_full_backward_hook': None, '_forward_hooks': OrderedDict(), '_forward_hooks_with_kwargs': OrderedDict(), '_forward_hooks_always_called': OrderedDict(), '_forward_pre_hooks': OrderedDict(), '_forward_pre_hooks_with_kwargs': OrderedDict(), '_state_dict_hooks': OrderedDict(), '_state_dict_pre_hooks': OrderedDict(), '_load_state_dict_pre_hooks': OrderedDict(), '_load_state_dict_post_hooks': OrderedDict(), '_modules': OrderedDict(), 'reduction': 'mean'};0.001;8;100;0.9989929795265198;0.9387096762657166;0.01628214865922928;0.03200909122824669;0.016264857724308968
BCEWithLogitsLoss;{'training': True, '_parameters': OrderedDict(), '_buffers': OrderedDict([('weight', None), ('pos_weight', tensor([0.1000], device='cuda:0'))]), '_non_persistent_buffers_set': set(), '_backward_pre_hooks': OrderedDict(), '_backward_hooks': OrderedDict(), '_is_full_backward_hook': None, '_forward_hooks': OrderedDict(), '_forward_hooks_with_kwargs': OrderedDict(), '_forward_hooks_always_called': OrderedDict(), '_forward_pre_hooks': OrderedDict(), '_forward_pre_hooks_with_kwargs': OrderedDict(), '_state_dict_hooks': OrderedDict(), '_state_dict_pre_hooks': OrderedDict(), '_load_state_dict_pre_hooks': OrderedDict(), '_load_state_dict_post_hooks': OrderedDict(), '_modules': OrderedDict(), 'reduction': 'mean'};0.001;4;72;0.9990050792694092;0.9184027910232544;0.029598820954561234;0.057349350303411484;0.029521187767386436
BCEWithLogitsLoss;{'training': True, '_parameters': OrderedDict(), '_buffers': OrderedDict([('weight', None), ('pos_weight', tensor([0.1000], device='cuda:0'))]), '_non_persistent_buffers_set': set(), '_backward_pre_hooks': OrderedDict(), '_backward_hooks': OrderedDict(), '_is_full_backward_hook': None, '_forward_hooks': OrderedDict(), '_forward_hooks_with_kwargs': OrderedDict(), '_forward_hooks_always_called': OrderedDict(), '_forward_pre_hooks': OrderedDict(), '_forward_pre_hooks_with_kwargs': OrderedDict(), '_state_dict_hooks': OrderedDict(), '_state_dict_pre_hooks': OrderedDict(), '_load_state_dict_pre_hooks': OrderedDict(), '_load_state_dict_post_hooks': OrderedDict(), '_modules': OrderedDict(), 'reduction': 'mean'};0.001;2;69;0.9990008473396301;0.9490538835525513;0.02432064525783062;0.04742594063282013;0.024288933724164963
BCEWithLogitsLoss;{'training': True, '_parameters': OrderedDict(), '_buffers': OrderedDict([('weight', None), ('pos_weight', tensor([0.1000], device='cuda:0'))]), '_non_persistent_buffers_set': set(), '_backward_pre_hooks': OrderedDict(), '_backward_hooks': OrderedDict(), '_is_full_backward_hook': None, '_forward_hooks': OrderedDict(), '_forward_hooks_with_kwargs': OrderedDict(), '_forward_hooks_always_called': OrderedDict(), '_forward_pre_hooks': OrderedDict(), '_forward_pre_hooks_with_kwargs': OrderedDict(), '_state_dict_hooks': OrderedDict(), '_state_dict_pre_hooks': OrderedDict(), '_load_state_dict_pre_hooks': OrderedDict(), '_load_state_dict_post_hooks': OrderedDict(), '_modules': OrderedDict(), 'reduction': 'mean'};0.001;1;50;0.9990525245666504;0.9426063299179077;0.07810955494642258;0.1442645639181137;0.07773982733488083
BCEWithLogitsLoss;{'training': True, '_parameters': OrderedDict(), '_buffers': OrderedDict([('weight', None), ('pos_weight', tensor([0.1000], device='cuda:0'))]), '_non_persistent_buffers_set': set(), '_backward_pre_hooks': OrderedDict(), '_backward_hooks': OrderedDict(), '_is_full_backward_hook': None, '_forward_hooks': OrderedDict(), '_forward_hooks_with_kwargs': OrderedDict(), '_forward_hooks_always_called': OrderedDict(), '_forward_pre_hooks': OrderedDict(), '_forward_pre_hooks_with_kwargs': OrderedDict(), '_state_dict_hooks': OrderedDict(), '_state_dict_pre_hooks': OrderedDict(), '_load_state_dict_pre_hooks': OrderedDict(), '_load_state_dict_post_hooks': OrderedDict(), '_modules': OrderedDict(), 'reduction': 'mean'};0.0001;8;100;0.9989773631095886;0.0;0.0;0.0;0.0
BCEWithLogitsLoss;{'training': True, '_parameters': OrderedDict(), '_buffers': OrderedDict([('weight', None), ('pos_weight', tensor([0.1000], device='cuda:0'))]), '_non_persistent_buffers_set': set(), '_backward_pre_hooks': OrderedDict(), '_backward_hooks': OrderedDict(), '_is_full_backward_hook': None, '_forward_hooks': OrderedDict(), '_forward_hooks_with_kwargs': OrderedDict(), '_forward_hooks_always_called': OrderedDict(), '_forward_pre_hooks': OrderedDict(), '_forward_pre_hooks_with_kwargs': OrderedDict(), '_state_dict_hooks': OrderedDict(), '_state_dict_pre_hooks': OrderedDict(), '_load_state_dict_pre_hooks': OrderedDict(), '_load_state_dict_post_hooks': OrderedDict(), '_modules': OrderedDict(), 'reduction': 'mean'};0.0001;4;100;0.9989767670631409;0.2222222238779068;0.00022380960581358522;0.0004471688298508525;0.00022363442985806614
BCEWithLogitsLoss;{'training': True, '_parameters': OrderedDict(), '_buffers': OrderedDict([('weight', None), ('pos_weight', tensor([0.1000], device='cuda:0'))]), '_non_persistent_buffers_set': set(), '_backward_pre_hooks': OrderedDict(), '_backward_hooks': OrderedDict(), '_is_full_backward_hook': None, '_forward_hooks': OrderedDict(), '_forward_hooks_with_kwargs': OrderedDict(), '_forward_hooks_always_called': OrderedDict(), '_forward_pre_hooks': OrderedDict(), '_forward_pre_hooks_with_kwargs': OrderedDict(), '_state_dict_hooks': OrderedDict(), '_state_dict_pre_hooks': OrderedDict(), '_load_state_dict_pre_hooks': OrderedDict(), '_load_state_dict_post_hooks': OrderedDict(), '_modules': OrderedDict(), 'reduction': 'mean'};0.0001;2;100;0.9989863038063049;0.9242957830429077;0.009791670367121696;0.0193780567497015;0.009783823974430561
BCEWithLogitsLoss;{'training': True, '_parameters': OrderedDict(), '_buffers': OrderedDict([('weight', None), ('pos_weight', tensor([0.1000], device='cuda:0'))]), '_non_persistent_buffers_set': set(), '_backward_pre_hooks': OrderedDict(), '_backward_hooks': OrderedDict(), '_is_full_backward_hook': None, '_forward_hooks': OrderedDict(), '_forward_hooks_with_kwargs': OrderedDict(), '_forward_hooks_always_called': OrderedDict(), '_forward_pre_hooks': OrderedDict(), '_forward_pre_hooks_with_kwargs': OrderedDict(), '_state_dict_hooks': OrderedDict(), '_state_dict_pre_hooks': OrderedDict(), '_load_state_dict_pre_hooks': OrderedDict(), '_load_state_dict_post_hooks': OrderedDict(), '_modules': OrderedDict(), 'reduction': 'mean'};0.0001;1;50;0.9989885687828064;0.9440993666648865;0.011339686810970306;0.022410202771425247;0.011332077905535698
BCEWithLogitsLoss;{'training': True, '_parameters': OrderedDict(), '_buffers': OrderedDict([('weight', None), ('pos_weight', tensor([10], device='cuda:0'))]), '_non_persistent_buffers_set': set(), '_backward_pre_hooks': OrderedDict(), '_backward_hooks': OrderedDict(), '_is_full_backward_hook': None, '_forward_hooks': OrderedDict(), '_forward_hooks_with_kwargs': OrderedDict(), '_forward_hooks_always_called': OrderedDict(), '_forward_pre_hooks': OrderedDict(), '_forward_pre_hooks_with_kwargs': OrderedDict(), '_state_dict_hooks': OrderedDict(), '_state_dict_pre_hooks': OrderedDict(), '_load_state_dict_pre_hooks': OrderedDict(), '_load_state_dict_post_hooks': OrderedDict(), '_modules': OrderedDict(), 'reduction': 'mean'};0.001;8;36;0.9988345503807068;0.4606194794178009;0.8190499544143677;0.5896372199058533;0.4180748462677002
BCEWithLogitsLoss;{'training': True, '_parameters': OrderedDict(), '_buffers': OrderedDict([('weight', None), ('pos_weight', tensor([10], device='cuda:0'))]), '_non_persistent_buffers_set': set(), '_backward_pre_hooks': OrderedDict(), '_backward_hooks': OrderedDict(), '_is_full_backward_hook': None, '_forward_hooks': OrderedDict(), '_forward_hooks_with_kwargs': OrderedDict(), '_forward_hooks_always_called': OrderedDict(), '_forward_pre_hooks': OrderedDict(), '_forward_pre_hooks_with_kwargs': OrderedDict(), '_state_dict_hooks': OrderedDict(), '_state_dict_pre_hooks': OrderedDict(), '_load_state_dict_pre_hooks': OrderedDict(), '_load_state_dict_post_hooks': OrderedDict(), '_modules': OrderedDict(), 'reduction': 'mean'};0.001;4;28;0.9986448884010315;0.4209701418876648;0.8666094541549683;0.5666705369949341;0.3953526020050049
BCEWithLogitsLoss;{'training': True, '_parameters': OrderedDict(), '_buffers': OrderedDict([('weight', None), ('pos_weight', tensor([10], device='cuda:0'))]), '_non_persistent_buffers_set': set(), '_backward_pre_hooks': OrderedDict(), '_backward_hooks': OrderedDict(), '_is_full_backward_hook': None, '_forward_hooks': OrderedDict(), '_forward_hooks_with_kwargs': OrderedDict(), '_forward_hooks_always_called': OrderedDict(), '_forward_pre_hooks': OrderedDict(), '_forward_pre_hooks_with_kwargs': OrderedDict(), '_state_dict_hooks': OrderedDict(), '_state_dict_pre_hooks': OrderedDict(), '_load_state_dict_pre_hooks': OrderedDict(), '_load_state_dict_post_hooks': OrderedDict(), '_modules': OrderedDict(), 'reduction': 'mean'};0.001;2;54;0.9987789392471313;0.45142680406570435;0.9004793167114258;0.6013738512992859;0.4299747049808502
BCEWithLogitsLoss;{'training': True, '_parameters': OrderedDict(), '_buffers': OrderedDict([('weight', None), ('pos_weight', tensor([10], device='cuda:0'))]), '_non_persistent_buffers_set': set(), '_backward_pre_hooks': OrderedDict(), '_backward_hooks': OrderedDict(), '_is_full_backward_hook': None, '_forward_hooks': OrderedDict(), '_forward_hooks_with_kwargs': OrderedDict(), '_forward_hooks_always_called': OrderedDict(), '_forward_pre_hooks': OrderedDict(), '_forward_pre_hooks_with_kwargs': OrderedDict(), '_state_dict_hooks': OrderedDict(), '_state_dict_pre_hooks': OrderedDict(), '_load_state_dict_pre_hooks': OrderedDict(), '_load_state_dict_post_hooks': OrderedDict(), '_modules': OrderedDict(), 'reduction': 'mean'};0.001;1;57;0.9989441633224487;0.49034741520881653;0.8271257281303406;0.6156921982765198;0.4447653591632843
BCEWithLogitsLoss;{'training': True, '_parameters': OrderedDict(), '_buffers': OrderedDict([('weight', None), ('pos_weight', tensor([10], device='cuda:0'))]), '_non_persistent_buffers_set': set(), '_backward_pre_hooks': OrderedDict(), '_backward_hooks': OrderedDict(), '_is_full_backward_hook': None, '_forward_hooks': OrderedDict(), '_forward_hooks_with_kwargs': OrderedDict(), '_forward_hooks_always_called': OrderedDict(), '_forward_pre_hooks': OrderedDict(), '_forward_pre_hooks_with_kwargs': OrderedDict(), '_state_dict_hooks': OrderedDict(), '_state_dict_pre_hooks': OrderedDict(), '_load_state_dict_pre_hooks': OrderedDict(), '_load_state_dict_post_hooks': OrderedDict(), '_modules': OrderedDict(), 'reduction': 'mean'};0.0001;8;89;0.9986209273338318;0.4094783365726471;0.7884998917579651;0.5390308499336243;0.3689543306827545
BCEWithLogitsLoss;{'training': True, '_parameters': OrderedDict(), '_buffers': OrderedDict([('weight', None), ('pos_weight', tensor([10], device='cuda:0'))]), '_non_persistent_buffers_set': set(), '_backward_pre_hooks': OrderedDict(), '_backward_hooks': OrderedDict(), '_is_full_backward_hook': None, '_forward_hooks': OrderedDict(), '_forward_hooks_with_kwargs': OrderedDict(), '_forward_hooks_always_called': OrderedDict(), '_forward_pre_hooks': OrderedDict(), '_forward_pre_hooks_with_kwargs': OrderedDict(), '_state_dict_hooks': OrderedDict(), '_state_dict_pre_hooks': OrderedDict(), '_load_state_dict_pre_hooks': OrderedDict(), '_load_state_dict_post_hooks': OrderedDict(), '_modules': OrderedDict(), 'reduction': 'mean'};0.0001;4;75;0.9976969361305237;0.30127060413360596;0.9490273594856262;0.457353413105011;0.2964732348918915
BCEWithLogitsLoss;{'training': True, '_parameters': OrderedDict(), '_buffers': OrderedDict([('weight', None), ('pos_weight', tensor([10], device='cuda:0'))]), '_non_persistent_buffers_set': set(), '_backward_pre_hooks': OrderedDict(), '_backward_hooks': OrderedDict(), '_is_full_backward_hook': None, '_forward_hooks': OrderedDict(), '_forward_hooks_with_kwargs': OrderedDict(), '_forward_hooks_always_called': OrderedDict(), '_forward_pre_hooks': OrderedDict(), '_forward_pre_hooks_with_kwargs': OrderedDict(), '_state_dict_hooks': OrderedDict(), '_state_dict_pre_hooks': OrderedDict(), '_load_state_dict_pre_hooks': OrderedDict(), '_load_state_dict_post_hooks': OrderedDict(), '_modules': OrderedDict(), 'reduction': 'mean'};0.0001;2;39;0.9988120794296265;0.4525154232978821;0.7695134282112122;0.5698992609977722;0.398502916097641
BCEWithLogitsLoss;{'training': True, '_parameters': OrderedDict(), '_buffers': OrderedDict([('weight', None), ('pos_weight', tensor([10], device='cuda:0'))]), '_non_persistent_buffers_set': set(), '_backward_pre_hooks': OrderedDict(), '_backward_hooks': OrderedDict(), '_is_full_backward_hook': None, '_forward_hooks': OrderedDict(), '_forward_hooks_with_kwargs': OrderedDict(), '_forward_hooks_always_called': OrderedDict(), '_forward_pre_hooks': OrderedDict(), '_forward_pre_hooks_with_kwargs': OrderedDict(), '_state_dict_hooks': OrderedDict(), '_state_dict_pre_hooks': OrderedDict(), '_load_state_dict_pre_hooks': OrderedDict(), '_load_state_dict_post_hooks': OrderedDict(), '_modules': OrderedDict(), 'reduction': 'mean'};0.0001;1;47;0.9978196620941162;0.31429848074913025;0.9580543637275696;0.47332003712654114;0.3100322186946869
DiceLoss;{'training': True, '_parameters': OrderedDict(), '_buffers': OrderedDict(), '_non_persistent_buffers_set': set(), '_backward_pre_hooks': OrderedDict(), '_backward_hooks': OrderedDict(), '_is_full_backward_hook': None, '_forward_hooks': OrderedDict(), '_forward_hooks_with_kwargs': OrderedDict(), '_forward_hooks_always_called': OrderedDict(), '_forward_pre_hooks': OrderedDict(), '_forward_pre_hooks_with_kwargs': OrderedDict(), '_state_dict_hooks': OrderedDict(), '_state_dict_pre_hooks': OrderedDict(), '_load_state_dict_pre_hooks': OrderedDict(), '_load_state_dict_post_hooks': OrderedDict(), '_modules': OrderedDict([('sigmoid', Sigmoid())])};0.001;8;100;0.9989254474639893;0.4821301996707916;0.6848574280738831;0.565885066986084;0.3945883810520172
DiceLoss;{'training': True, '_parameters': OrderedDict(), '_buffers': OrderedDict(), '_non_persistent_buffers_set': set(), '_backward_pre_hooks': OrderedDict(), '_backward_hooks': OrderedDict(), '_is_full_backward_hook': None, '_forward_hooks': OrderedDict(), '_forward_hooks_with_kwargs': OrderedDict(), '_forward_hooks_always_called': OrderedDict(), '_forward_pre_hooks': OrderedDict(), '_forward_pre_hooks_with_kwargs': OrderedDict(), '_state_dict_hooks': OrderedDict(), '_state_dict_pre_hooks': OrderedDict(), '_load_state_dict_pre_hooks': OrderedDict(), '_load_state_dict_post_hooks': OrderedDict(), '_modules': OrderedDict([('sigmoid', Sigmoid())])};0.001;4;23;0.9989773631095886;0.0;0.0;0.0;0.0
DiceLoss;{'training': True, '_parameters': OrderedDict(), '_buffers': OrderedDict(), '_non_persistent_buffers_set': set(), '_backward_pre_hooks': OrderedDict(), '_backward_hooks': OrderedDict(), '_is_full_backward_hook': None, '_forward_hooks': OrderedDict(), '_forward_hooks_with_kwargs': OrderedDict(), '_forward_hooks_always_called': OrderedDict(), '_forward_pre_hooks': OrderedDict(), '_forward_pre_hooks_with_kwargs': OrderedDict(), '_state_dict_hooks': OrderedDict(), '_state_dict_pre_hooks': OrderedDict(), '_load_state_dict_pre_hooks': OrderedDict(), '_load_state_dict_post_hooks': OrderedDict(), '_modules': OrderedDict([('sigmoid', Sigmoid())])};0.001;2;23;0.001022663083858788;0.001022663083858788;1.0;0.0020432365126907825;0.0
DiceLoss;{'training': True, '_parameters': OrderedDict(), '_buffers': OrderedDict(), '_non_persistent_buffers_set': set(), '_backward_pre_hooks': OrderedDict(), '_backward_hooks': OrderedDict(), '_is_full_backward_hook': None, '_forward_hooks': OrderedDict(), '_forward_hooks_with_kwargs': OrderedDict(), '_forward_hooks_always_called': OrderedDict(), '_forward_pre_hooks': OrderedDict(), '_forward_pre_hooks_with_kwargs': OrderedDict(), '_state_dict_hooks': OrderedDict(), '_state_dict_pre_hooks': OrderedDict(), '_load_state_dict_pre_hooks': OrderedDict(), '_load_state_dict_post_hooks': OrderedDict(), '_modules': OrderedDict([('sigmoid', Sigmoid())])};0.001;1;23;0.001022663083858788;0.001022663083858788;1.0;0.0020432365126907825;0.0
DiceLoss;{'training': True, '_parameters': OrderedDict(), '_buffers': OrderedDict(), '_non_persistent_buffers_set': set(), '_backward_pre_hooks': OrderedDict(), '_backward_hooks': OrderedDict(), '_is_full_backward_hook': None, '_forward_hooks': OrderedDict(), '_forward_hooks_with_kwargs': OrderedDict(), '_forward_hooks_always_called': OrderedDict(), '_forward_pre_hooks': OrderedDict(), '_forward_pre_hooks_with_kwargs': OrderedDict(), '_state_dict_hooks': OrderedDict(), '_state_dict_pre_hooks': OrderedDict(), '_load_state_dict_pre_hooks': OrderedDict(), '_load_state_dict_post_hooks': OrderedDict(), '_modules': OrderedDict([('sigmoid', Sigmoid())])};0.0001;8;48;0.9990215301513672;0.5163094997406006;0.6834213137626648;0.5882267355918884;0.4166581332683563
DiceLoss;{'training': True, '_parameters': OrderedDict(), '_buffers': OrderedDict(), '_non_persistent_buffers_set': set(), '_backward_pre_hooks': OrderedDict(), '_backward_hooks': OrderedDict(), '_is_full_backward_hook': None, '_forward_hooks': OrderedDict(), '_forward_hooks_with_kwargs': OrderedDict(), '_forward_hooks_always_called': OrderedDict(), '_forward_pre_hooks': OrderedDict(), '_forward_pre_hooks_with_kwargs': OrderedDict(), '_state_dict_hooks': OrderedDict(), '_state_dict_pre_hooks': OrderedDict(), '_load_state_dict_pre_hooks': OrderedDict(), '_load_state_dict_post_hooks': OrderedDict(), '_modules': OrderedDict([('sigmoid', Sigmoid())])};0.0001;4;73;0.9992587566375732;0.6366971135139465;0.6409720778465271;0.6388274431228638;0.46932142972946167
DiceLoss;{'training': True, '_parameters': OrderedDict(), '_buffers': OrderedDict(), '_non_persistent_buffers_set': set(), '_backward_pre_hooks': OrderedDict(), '_backward_hooks': OrderedDict(), '_is_full_backward_hook': None, '_forward_hooks': OrderedDict(), '_forward_hooks_with_kwargs': OrderedDict(), '_forward_hooks_always_called': OrderedDict(), '_forward_pre_hooks': OrderedDict(), '_forward_pre_hooks_with_kwargs': OrderedDict(), '_state_dict_hooks': OrderedDict(), '_state_dict_pre_hooks': OrderedDict(), '_load_state_dict_pre_hooks': OrderedDict(), '_load_state_dict_post_hooks': OrderedDict(), '_modules': OrderedDict([('sigmoid', Sigmoid())])};0.0001;2;46;0.9991348385810852;0.571453332901001;0.6152153015136719;0.5925273895263672;0.4209868013858795
DiceLoss;{'training': True, '_parameters': OrderedDict(), '_buffers': OrderedDict(), '_non_persistent_buffers_set': set(), '_backward_pre_hooks': OrderedDict(), '_backward_hooks': OrderedDict(), '_is_full_backward_hook': None, '_forward_hooks': OrderedDict(), '_forward_hooks_with_kwargs': OrderedDict(), '_forward_hooks_always_called': OrderedDict(), '_forward_pre_hooks': OrderedDict(), '_forward_pre_hooks_with_kwargs': OrderedDict(), '_state_dict_hooks': OrderedDict(), '_state_dict_pre_hooks': OrderedDict(), '_load_state_dict_pre_hooks': OrderedDict(), '_load_state_dict_post_hooks': OrderedDict(), '_modules': OrderedDict([('sigmoid', Sigmoid())])};0.0001;1;28;0.999184787273407;0.6215160489082336;0.5194621086120605;0.5659250617027283;0.3946272134780884
FocalTverskyLoss;{'training': True, '_parameters': OrderedDict(), '_buffers': OrderedDict(), '_non_persistent_buffers_set': set(), '_backward_pre_hooks': OrderedDict(), '_backward_hooks': OrderedDict(), '_is_full_backward_hook': None, '_forward_hooks': OrderedDict(), '_forward_hooks_with_kwargs': OrderedDict(), '_forward_hooks_always_called': OrderedDict(), '_forward_pre_hooks': OrderedDict(), '_forward_pre_hooks_with_kwargs': OrderedDict(), '_state_dict_hooks': OrderedDict(), '_state_dict_pre_hooks': OrderedDict(), '_load_state_dict_pre_hooks': OrderedDict(), '_load_state_dict_post_hooks': OrderedDict(), '_modules': OrderedDict([('sigmoid', Sigmoid())]), 'beta': 0.1, 'gamma': 2};0.001;8;69;0.9973171353340149;0.27204206585884094;0.9686853289604187;0.4247881770133972;0.2696705162525177
FocalTverskyLoss;{'training': True, '_parameters': OrderedDict(), '_buffers': OrderedDict(), '_non_persistent_buffers_set': set(), '_backward_pre_hooks': OrderedDict(), '_backward_hooks': OrderedDict(), '_is_full_backward_hook': None, '_forward_hooks': OrderedDict(), '_forward_hooks_with_kwargs': OrderedDict(), '_forward_hooks_always_called': OrderedDict(), '_forward_pre_hooks': OrderedDict(), '_forward_pre_hooks_with_kwargs': OrderedDict(), '_state_dict_hooks': OrderedDict(), '_state_dict_pre_hooks': OrderedDict(), '_load_state_dict_pre_hooks': OrderedDict(), '_load_state_dict_post_hooks': OrderedDict(), '_modules': OrderedDict([('sigmoid', Sigmoid())]), 'beta': 0.1, 'gamma': 2};0.001;4;74;0.9986870288848877;0.428189754486084;0.8459257483482361;0.5685775279998779;0.39721158146858215
FocalTverskyLoss;{'training': True, '_parameters': OrderedDict(), '_buffers': OrderedDict(), '_non_persistent_buffers_set': set(), '_backward_pre_hooks': OrderedDict(), '_backward_hooks': OrderedDict(), '_is_full_backward_hook': None, '_forward_hooks': OrderedDict(), '_forward_hooks_with_kwargs': OrderedDict(), '_forward_hooks_always_called': OrderedDict(), '_forward_pre_hooks': OrderedDict(), '_forward_pre_hooks_with_kwargs': OrderedDict(), '_state_dict_hooks': OrderedDict(), '_state_dict_pre_hooks': OrderedDict(), '_load_state_dict_pre_hooks': OrderedDict(), '_load_state_dict_post_hooks': OrderedDict(), '_modules': OrderedDict([('sigmoid', Sigmoid())]), 'beta': 0.1, 'gamma': 2};0.001;2;93;0.9971188306808472;0.25342103838920593;0.9339575171470642;0.39866727590560913;0.24895969033241272
FocalTverskyLoss;{'training': True, '_parameters': OrderedDict(), '_buffers': OrderedDict(), '_non_persistent_buffers_set': set(), '_backward_pre_hooks': OrderedDict(), '_backward_hooks': OrderedDict(), '_is_full_backward_hook': None, '_forward_hooks': OrderedDict(), '_forward_hooks_with_kwargs': OrderedDict(), '_forward_hooks_always_called': OrderedDict(), '_forward_pre_hooks': OrderedDict(), '_forward_pre_hooks_with_kwargs': OrderedDict(), '_state_dict_hooks': OrderedDict(), '_state_dict_pre_hooks': OrderedDict(), '_load_state_dict_pre_hooks': OrderedDict(), '_load_state_dict_post_hooks': OrderedDict(), '_modules': OrderedDict([('sigmoid', Sigmoid())]), 'beta': 0.1, 'gamma': 2};0.001;1;23;0.001022663083858788;0.001022663083858788;1.0;0.0020432365126907825;0.0
FocalTverskyLoss;{'training': True, '_parameters': OrderedDict(), '_buffers': OrderedDict(), '_non_persistent_buffers_set': set(), '_backward_pre_hooks': OrderedDict(), '_backward_hooks': OrderedDict(), '_is_full_backward_hook': None, '_forward_hooks': OrderedDict(), '_forward_hooks_with_kwargs': OrderedDict(), '_forward_hooks_always_called': OrderedDict(), '_forward_pre_hooks': OrderedDict(), '_forward_pre_hooks_with_kwargs': OrderedDict(), '_state_dict_hooks': OrderedDict(), '_state_dict_pre_hooks': OrderedDict(), '_load_state_dict_pre_hooks': OrderedDict(), '_load_state_dict_post_hooks': OrderedDict(), '_modules': OrderedDict([('sigmoid', Sigmoid())]), 'beta': 0.1, 'gamma': 2};0.0001;8;100;0.9983788132667542;0.37711071968078613;0.897625744342804;0.5310969352722168;0.361560195684433
FocalTverskyLoss;{'training': True, '_parameters': OrderedDict(), '_buffers': OrderedDict(), '_non_persistent_buffers_set': set(), '_backward_pre_hooks': OrderedDict(), '_backward_hooks': OrderedDict(), '_is_full_backward_hook': None, '_forward_hooks': OrderedDict(), '_forward_hooks_with_kwargs': OrderedDict(), '_forward_hooks_always_called': OrderedDict(), '_forward_pre_hooks': OrderedDict(), '_forward_pre_hooks_with_kwargs': OrderedDict(), '_state_dict_hooks': OrderedDict(), '_state_dict_pre_hooks': OrderedDict(), '_load_state_dict_pre_hooks': OrderedDict(), '_load_state_dict_post_hooks': OrderedDict(), '_modules': OrderedDict([('sigmoid', Sigmoid())]), 'beta': 0.1, 'gamma': 2};0.0001;4;44;0.9977365732192993;0.30496418476104736;0.9484678506851196;0.46153077483177185;0.29999351501464844
FocalTverskyLoss;{'training': True, '_parameters': OrderedDict(), '_buffers': OrderedDict(), '_non_persistent_buffers_set': set(), '_backward_pre_hooks': OrderedDict(), '_backward_hooks': OrderedDict(), '_is_full_backward_hook': None, '_forward_hooks': OrderedDict(), '_forward_hooks_with_kwargs': OrderedDict(), '_forward_hooks_always_called': OrderedDict(), '_forward_pre_hooks': OrderedDict(), '_forward_pre_hooks_with_kwargs': OrderedDict(), '_state_dict_hooks': OrderedDict(), '_state_dict_pre_hooks': OrderedDict(), '_load_state_dict_pre_hooks': OrderedDict(), '_load_state_dict_post_hooks': OrderedDict(), '_modules': OrderedDict([('sigmoid', Sigmoid())]), 'beta': 0.1, 'gamma': 2};0.0001;2;83;0.9988009929656982;0.454675555229187;0.8650428056716919;0.5960572361946106;0.42455947399139404
FocalTverskyLoss;{'training': True, '_parameters': OrderedDict(), '_buffers': OrderedDict(), '_non_persistent_buffers_set': set(), '_backward_pre_hooks': OrderedDict(), '_backward_hooks': OrderedDict(), '_is_full_backward_hook': None, '_forward_hooks': OrderedDict(), '_forward_hooks_with_kwargs': OrderedDict(), '_forward_hooks_always_called': OrderedDict(), '_forward_pre_hooks': OrderedDict(), '_forward_pre_hooks_with_kwargs': OrderedDict(), '_state_dict_hooks': OrderedDict(), '_state_dict_pre_hooks': OrderedDict(), '_load_state_dict_pre_hooks': OrderedDict(), '_load_state_dict_post_hooks': OrderedDict(), '_modules': OrderedDict([('sigmoid', Sigmoid())]), 'beta': 0.1, 'gamma': 2};0.0001;1;65;0.998833179473877;0.46183639764785767;0.8539455533027649;0.5994657874107361;0.42802655696868896
FocalTverskyLoss;{'training': True, '_parameters': OrderedDict(), '_buffers': OrderedDict(), '_non_persistent_buffers_set': set(), '_backward_pre_hooks': OrderedDict(), '_backward_hooks': OrderedDict(), '_is_full_backward_hook': None, '_forward_hooks': OrderedDict(), '_forward_hooks_with_kwargs': OrderedDict(), '_forward_hooks_always_called': OrderedDict(), '_forward_pre_hooks': OrderedDict(), '_forward_pre_hooks_with_kwargs': OrderedDict(), '_state_dict_hooks': OrderedDict(), '_state_dict_pre_hooks': OrderedDict(), '_load_state_dict_pre_hooks': OrderedDict(), '_load_state_dict_post_hooks': OrderedDict(), '_modules': OrderedDict([('sigmoid', Sigmoid())]), 'beta': 0.5, 'gamma': 2};0.001;8;26;0.9989888668060303;0.504285454750061;0.6529272198677063;0.5690599083900452;0.3976826071739197
FocalTverskyLoss;{'training': True, '_parameters': OrderedDict(), '_buffers': OrderedDict(), '_non_persistent_buffers_set': set(), '_backward_pre_hooks': OrderedDict(), '_backward_hooks': OrderedDict(), '_is_full_backward_hook': None, '_forward_hooks': OrderedDict(), '_forward_hooks_with_kwargs': OrderedDict(), '_forward_hooks_always_called': OrderedDict(), '_forward_pre_hooks': OrderedDict(), '_forward_pre_hooks_with_kwargs': OrderedDict(), '_state_dict_hooks': OrderedDict(), '_state_dict_pre_hooks': OrderedDict(), '_load_state_dict_pre_hooks': OrderedDict(), '_load_state_dict_post_hooks': OrderedDict(), '_modules': OrderedDict([('sigmoid', Sigmoid())]), 'beta': 0.5, 'gamma': 2};0.001;4;23;0.9989773631095886;0.0;0.0;0.0;0.0
FocalTverskyLoss;{'training': True, '_parameters': OrderedDict(), '_buffers': OrderedDict(), '_non_persistent_buffers_set': set(), '_backward_pre_hooks': OrderedDict(), '_backward_hooks': OrderedDict(), '_is_full_backward_hook': None, '_forward_hooks': OrderedDict(), '_forward_hooks_with_kwargs': OrderedDict(), '_forward_hooks_always_called': OrderedDict(), '_forward_pre_hooks': OrderedDict(), '_forward_pre_hooks_with_kwargs': OrderedDict(), '_state_dict_hooks': OrderedDict(), '_state_dict_pre_hooks': OrderedDict(), '_load_state_dict_pre_hooks': OrderedDict(), '_load_state_dict_post_hooks': OrderedDict(), '_modules': OrderedDict([('sigmoid', Sigmoid())]), 'beta': 0.5, 'gamma': 2};0.001;2;23;0.9985833764076233;0.3362671732902527;0.39547157287597656;0.3634742796421051;0.22210118174552917
FocalTverskyLoss;{'training': True, '_parameters': OrderedDict(), '_buffers': OrderedDict(), '_non_persistent_buffers_set': set(), '_backward_pre_hooks': OrderedDict(), '_backward_hooks': OrderedDict(), '_is_full_backward_hook': None, '_forward_hooks': OrderedDict(), '_forward_hooks_with_kwargs': OrderedDict(), '_forward_hooks_always_called': OrderedDict(), '_forward_pre_hooks': OrderedDict(), '_forward_pre_hooks_with_kwargs': OrderedDict(), '_state_dict_hooks': OrderedDict(), '_state_dict_pre_hooks': OrderedDict(), '_load_state_dict_pre_hooks': OrderedDict(), '_load_state_dict_post_hooks': OrderedDict(), '_modules': OrderedDict([('sigmoid', Sigmoid())]), 'beta': 0.5, 'gamma': 2};0.001;1;23;0.9974273443222046;0.22424685955047607;0.6162784099578857;0.32883840799331665;0.19677236676216125
FocalTverskyLoss;{'training': True, '_parameters': OrderedDict(), '_buffers': OrderedDict(), '_non_persistent_buffers_set': set(), '_backward_pre_hooks': OrderedDict(), '_backward_hooks': OrderedDict(), '_is_full_backward_hook': None, '_forward_hooks': OrderedDict(), '_forward_hooks_with_kwargs': OrderedDict(), '_forward_hooks_always_called': OrderedDict(), '_forward_pre_hooks': OrderedDict(), '_forward_pre_hooks_with_kwargs': OrderedDict(), '_state_dict_hooks': OrderedDict(), '_state_dict_pre_hooks': OrderedDict(), '_load_state_dict_pre_hooks': OrderedDict(), '_load_state_dict_post_hooks': OrderedDict(), '_modules': OrderedDict([('sigmoid', Sigmoid())]), 'beta': 0.5, 'gamma': 2};0.0001;8;100;0.9992583394050598;0.6352570056915283;0.6462875604629517;0.6407248377799988;0.4713723957538605
FocalTverskyLoss;{'training': True, '_parameters': OrderedDict(), '_buffers': OrderedDict(), '_non_persistent_buffers_set': set(), '_backward_pre_hooks': OrderedDict(), '_backward_hooks': OrderedDict(), '_is_full_backward_hook': None, '_forward_hooks': OrderedDict(), '_forward_hooks_with_kwargs': OrderedDict(), '_forward_hooks_always_called': OrderedDict(), '_forward_pre_hooks': OrderedDict(), '_forward_pre_hooks_with_kwargs': OrderedDict(), '_state_dict_hooks': OrderedDict(), '_state_dict_pre_hooks': OrderedDict(), '_load_state_dict_pre_hooks': OrderedDict(), '_load_state_dict_post_hooks': OrderedDict(), '_modules': OrderedDict([('sigmoid', Sigmoid())]), 'beta': 0.5, 'gamma': 2};0.0001;4;100;0.9992136359214783;0.6052533388137817;0.6639871597290039;0.6332613229751587;0.4633375108242035
FocalTverskyLoss;{'training': True, '_parameters': OrderedDict(), '_buffers': OrderedDict(), '_non_persistent_buffers_set': set(), '_backward_pre_hooks': OrderedDict(), '_backward_hooks': OrderedDict(), '_is_full_backward_hook': None, '_forward_hooks': OrderedDict(), '_forward_hooks_with_kwargs': OrderedDict(), '_forward_hooks_always_called': OrderedDict(), '_forward_pre_hooks': OrderedDict(), '_forward_pre_hooks_with_kwargs': OrderedDict(), '_state_dict_hooks': OrderedDict(), '_state_dict_pre_hooks': OrderedDict(), '_load_state_dict_pre_hooks': OrderedDict(), '_load_state_dict_post_hooks': OrderedDict(), '_modules': OrderedDict([('sigmoid', Sigmoid())]), 'beta': 0.5, 'gamma': 2};0.0001;2;56;0.999245822429657;0.6540533304214478;0.5570621490478516;0.6016740202903748;0.4302816390991211
FocalTverskyLoss;{'training': True, '_parameters': OrderedDict(), '_buffers': OrderedDict(), '_non_persistent_buffers_set': set(), '_backward_pre_hooks': OrderedDict(), '_backward_hooks': OrderedDict(), '_is_full_backward_hook': None, '_forward_hooks': OrderedDict(), '_forward_hooks_with_kwargs': OrderedDict(), '_forward_hooks_always_called': OrderedDict(), '_forward_pre_hooks': OrderedDict(), '_forward_pre_hooks_with_kwargs': OrderedDict(), '_state_dict_hooks': OrderedDict(), '_state_dict_pre_hooks': OrderedDict(), '_load_state_dict_pre_hooks': OrderedDict(), '_load_state_dict_post_hooks': OrderedDict(), '_modules': OrderedDict([('sigmoid', Sigmoid())]), 'beta': 0.5, 'gamma': 2};0.0001;1;100;0.9992491006851196;0.6228399872779846;0.6735923290252686;0.6472227573394775;0.47843998670578003
FocalTverskyLoss;{'training': True, '_parameters': OrderedDict(), '_buffers': OrderedDict(), '_non_persistent_buffers_set': set(), '_backward_pre_hooks': OrderedDict(), '_backward_hooks': OrderedDict(), '_is_full_backward_hook': None, '_forward_hooks': OrderedDict(), '_forward_hooks_with_kwargs': OrderedDict(), '_forward_hooks_always_called': OrderedDict(), '_forward_pre_hooks': OrderedDict(), '_forward_pre_hooks_with_kwargs': OrderedDict(), '_state_dict_hooks': OrderedDict(), '_state_dict_pre_hooks': OrderedDict(), '_load_state_dict_pre_hooks': OrderedDict(), '_load_state_dict_post_hooks': OrderedDict(), '_modules': OrderedDict([('sigmoid', Sigmoid())]), 'beta': 0.9, 'gamma': 2};0.001;8;41;0.9991769194602966;0.7739271521568298;0.27614375948905945;0.4070490002632141;0.2555314004421234
FocalTverskyLoss;{'training': True, '_parameters': OrderedDict(), '_buffers': OrderedDict(), '_non_persistent_buffers_set': set(), '_backward_pre_hooks': OrderedDict(), '_backward_hooks': OrderedDict(), '_is_full_backward_hook': None, '_forward_hooks': OrderedDict(), '_forward_hooks_with_kwargs': OrderedDict(), '_forward_hooks_always_called': OrderedDict(), '_forward_pre_hooks': OrderedDict(), '_forward_pre_hooks_with_kwargs': OrderedDict(), '_state_dict_hooks': OrderedDict(), '_state_dict_pre_hooks': OrderedDict(), '_load_state_dict_pre_hooks': OrderedDict(), '_load_state_dict_post_hooks': OrderedDict(), '_modules': OrderedDict([('sigmoid', Sigmoid())]), 'beta': 0.9, 'gamma': 2};0.001;4;23;0.9989773631095886;0.0;0.0;0.0;0.0
FocalTverskyLoss;{'training': True, '_parameters': OrderedDict(), '_buffers': OrderedDict(), '_non_persistent_buffers_set': set(), '_backward_pre_hooks': OrderedDict(), '_backward_hooks': OrderedDict(), '_is_full_backward_hook': None, '_forward_hooks': OrderedDict(), '_forward_hooks_with_kwargs': OrderedDict(), '_forward_hooks_always_called': OrderedDict(), '_forward_pre_hooks': OrderedDict(), '_forward_pre_hooks_with_kwargs': OrderedDict(), '_state_dict_hooks': OrderedDict(), '_state_dict_pre_hooks': OrderedDict(), '_load_state_dict_pre_hooks': OrderedDict(), '_load_state_dict_post_hooks': OrderedDict(), '_modules': OrderedDict([('sigmoid', Sigmoid())]), 'beta': 0.9, 'gamma': 2};0.001;2;23;0.001022663083858788;0.001022663083858788;1.0;0.0020432365126907825;0.0
FocalTverskyLoss;{'training': True, '_parameters': OrderedDict(), '_buffers': OrderedDict(), '_non_persistent_buffers_set': set(), '_backward_pre_hooks': OrderedDict(), '_backward_hooks': OrderedDict(), '_is_full_backward_hook': None, '_forward_hooks': OrderedDict(), '_forward_hooks_with_kwargs': OrderedDict(), '_forward_hooks_always_called': OrderedDict(), '_forward_pre_hooks': OrderedDict(), '_forward_pre_hooks_with_kwargs': OrderedDict(), '_state_dict_hooks': OrderedDict(), '_state_dict_pre_hooks': OrderedDict(), '_load_state_dict_pre_hooks': OrderedDict(), '_load_state_dict_post_hooks': OrderedDict(), '_modules': OrderedDict([('sigmoid', Sigmoid())]), 'beta': 0.9, 'gamma': 2};0.001;1;23;0.9989773631095886;0.0;0.0;0.0;0.0
FocalTverskyLoss;{'training': True, '_parameters': OrderedDict(), '_buffers': OrderedDict(), '_non_persistent_buffers_set': set(), '_backward_pre_hooks': OrderedDict(), '_backward_hooks': OrderedDict(), '_is_full_backward_hook': None, '_forward_hooks': OrderedDict(), '_forward_hooks_with_kwargs': OrderedDict(), '_forward_hooks_always_called': OrderedDict(), '_forward_pre_hooks': OrderedDict(), '_forward_pre_hooks_with_kwargs': OrderedDict(), '_state_dict_hooks': OrderedDict(), '_state_dict_pre_hooks': OrderedDict(), '_load_state_dict_pre_hooks': OrderedDict(), '_load_state_dict_post_hooks': OrderedDict(), '_modules': OrderedDict([('sigmoid', Sigmoid())]), 'beta': 0.9, 'gamma': 2};0.0001;8;76;0.9992403984069824;0.7391002774238586;0.3974299132823944;0.5169076323509216;0.34853366017341614
FocalTverskyLoss;{'training': True, '_parameters': OrderedDict(), '_buffers': OrderedDict(), '_non_persistent_buffers_set': set(), '_backward_pre_hooks': OrderedDict(), '_backward_hooks': OrderedDict(), '_is_full_backward_hook': None, '_forward_hooks': OrderedDict(), '_forward_hooks_with_kwargs': OrderedDict(), '_forward_hooks_always_called': OrderedDict(), '_forward_pre_hooks': OrderedDict(), '_forward_pre_hooks_with_kwargs': OrderedDict(), '_state_dict_hooks': OrderedDict(), '_state_dict_pre_hooks': OrderedDict(), '_load_state_dict_pre_hooks': OrderedDict(), '_load_state_dict_post_hooks': OrderedDict(), '_modules': OrderedDict([('sigmoid', Sigmoid())]), 'beta': 0.9, 'gamma': 2};0.0001;4;91;0.9992466568946838;0.7500177025794983;0.39511722326278687;0.5175720453262329;0.349138081073761
FocalTverskyLoss;{'training': True, '_parameters': OrderedDict(), '_buffers': OrderedDict(), '_non_persistent_buffers_set': set(), '_backward_pre_hooks': OrderedDict(), '_backward_hooks': OrderedDict(), '_is_full_backward_hook': None, '_forward_hooks': OrderedDict(), '_forward_hooks_with_kwargs': OrderedDict(), '_forward_hooks_always_called': OrderedDict(), '_forward_pre_hooks': OrderedDict(), '_forward_pre_hooks_with_kwargs': OrderedDict(), '_state_dict_hooks': OrderedDict(), '_state_dict_pre_hooks': OrderedDict(), '_load_state_dict_pre_hooks': OrderedDict(), '_load_state_dict_post_hooks': OrderedDict(), '_modules': OrderedDict([('sigmoid', Sigmoid())]), 'beta': 0.9, 'gamma': 2};0.0001;2;84;0.9992395043373108;0.7811821699142456;0.3556894361972809;0.48881202936172485;0.3234620690345764
FocalTverskyLoss;{'training': True, '_parameters': OrderedDict(), '_buffers': OrderedDict(), '_non_persistent_buffers_set': set(), '_backward_pre_hooks': OrderedDict(), '_backward_hooks': OrderedDict(), '_is_full_backward_hook': None, '_forward_hooks': OrderedDict(), '_forward_hooks_with_kwargs': OrderedDict(), '_forward_hooks_always_called': OrderedDict(), '_forward_pre_hooks': OrderedDict(), '_forward_pre_hooks_with_kwargs': OrderedDict(), '_state_dict_hooks': OrderedDict(), '_state_dict_pre_hooks': OrderedDict(), '_load_state_dict_pre_hooks': OrderedDict(), '_load_state_dict_post_hooks': OrderedDict(), '_modules': OrderedDict([('sigmoid', Sigmoid())]), 'beta': 0.9, 'gamma': 2};0.0001;1;76;0.9992554187774658;0.7916333675384521;0.36952832341194153;0.5038591623306274;0.33677250146865845
